{"pure": {"AUC": [0.8183144253552361, 0.7292696128349119, 0.5364318769635448, 0.7625398248060516, 0.633369682534198, 0.6873760417496723, 0.7114419258138382, 0.6171330753183012, 0.6987920695313509, 0.7924000560759862, 0.8847721674524965, 0.8041986625253406, 0.6634567515789196, 0.7810203532796652, 0.6876395475124938, 0.6882438113247327, 0.8436037703082305, 0.6890659250959513, 0.7200473155627787, 0.7760876643295553, 0.703249722114896, 0.7451150536411139, 0.5333199909576326, 0.8390847566460746, 0.6401015390033062, 0.5172551060278319, 0.7615299475448498, 0.782172613355744, 0.6105451750056368, 0.7713939509523835, 0.6486636585827298, 0.7340664980237582, 0.8106784742705914, 0.7360113747995037, 0.751847231299313, 0.8464054819050159, 0.7562541621830209, 0.7497779291649982, 0.6575609956785397, 0.8260991514550393, 0.8188220110967692, 0.7282693500528297, 0.7157720629172548, 0.8173887295001604, 0.6750731649457729, 0.8317181069279111, 0.7269572827356002, 0.6857191491750524, 0.6714401100075611, 0.597755296578458, 0.8177231409812975, 0.8732843555275177, 0.7872153106457651, 0.8498451555399698, 0.647171062112874, 0.7390630736910438, 0.8580755479410538, 0.7503989644016122, 0.8195555621290809, 0.7928117587101235, 0.8739440775406608, 0.7978213089595355, 0.8511012667678828, 0.7789867194337343, 0.6165226649715864, 0.7565735483554735, 0.7590864746063988, 0.6728501389076977, 0.6784353861226808, 0.5860312002048926, 0.7177310741048039, 0.6395144569106095, 0.7539367723210331, 0.7222439943802678, 0.7727449206203559, 0.747138521104621, 0.7404588571223046, 0.6227004496662779, 0.7561440731446907, 0.8004635514579443, 0.5774845864734025, 0.7969663235597471, 0.8767352164862281, 0.7778349391428864, 0.8578480855241887, 0.8621286311799249, 0.7299237072478026, 0.7651874517617532, 0.6893060223909987, 0.6931745920278388], "sAUC": [0.6588330249436289, 0.6147983035373997, 0.5199582863336247, 0.6307506938450179, 0.5675480734244706, 0.5925361921706954, 0.6046959262758478, 0.5569936811542845, 0.5983463309000411, 0.6467386084114197, 0.6924675836887766, 0.6512302996974111, 0.5807939311010698, 0.6376645904914804, 0.5938243180344465, 0.595766460414532, 0.6717225921694121, 0.5938344744321246, 0.6112193031583592, 0.6384326744731477, 0.6018598663219018, 0.6228307566977817, 0.5162859271811782, 0.6691560171855268, 0.571446333001055, 0.5093609119277214, 0.6307069513823498, 0.6434660731683723, 0.5558101969713712, 0.6349785156107962, 0.5747727291532876, 0.616805067815902, 0.6563977985799438, 0.6198453480923796, 0.6246184697424321, 0.6734493929077168, 0.6277982616385798, 0.6243861031297597, 0.580397298442678, 0.6639700768646315, 0.659625307859818, 0.6132578606612447, 0.6069629471479295, 0.6584287214084223, 0.5870193950099988, 0.6675187211181347, 0.6134643475488343, 0.5919143405090227, 0.5867835198297799, 0.5467515222720902, 0.6584834779542565, 0.6877254810887498, 0.642874349824438, 0.6744500540131285, 0.5725293496461668, 0.6199294519818782, 0.6805165572300633, 0.6261197872396483, 0.6584128247598722, 0.6465580836192362, 0.6880333400487842, 0.648759145087216, 0.6741639538180382, 0.6390495841618559, 0.5580508785470442, 0.6283226435131934, 0.6292754313753385, 0.5860868921089117, 0.5892569815107758, 0.5410820209223672, 0.6093377716847656, 0.5695454332899447, 0.6283951705621833, 0.6099119419406616, 0.6365263546651821, 0.6240405680254144, 0.6214397674239668, 0.5612853936074983, 0.6272198059249972, 0.6510178621117063, 0.5386482157490875, 0.6488762294284299, 0.6880434880588568, 0.6389720093686203, 0.678738213551081, 0.6801596140243258, 0.6157091159935022, 0.6317725589833975, 0.5937523845069513, 0.5976075988918431], "CC": [0.6573166847229004, 0.40821829438209534, 0.2278306484222412, 0.6267536878585815, 0.2842809557914734, 0.39779406785964966, 0.3127259612083435, 0.6074549555778503, 0.5165387392044067, 0.720694899559021, 0.6898863911628723, 0.6532973051071167, 0.37285974621772766, 0.5916804671287537, 0.3848296105861664, 0.3255811035633087, 0.3536962568759918, 0.3564947545528412, 0.5482691526412964, 0.7167825698852539, 0.2802315652370453, 0.7721936106681824, -0.07243572920560837, 0.8082019686698914, 0.35243314504623413, -0.032014355063438416, 0.6896451115608215, 0.6728542447090149, 0.24929842352867126, 0.7118104100227356, 0.4167289137840271, 0.4929240345954895, 0.6794666051864624, 0.27610892057418823, 0.786735475063324, 0.5892763137817383, 0.459940642118454, 0.7047635316848755, 0.3740449547767639, 0.7939916849136353, 0.6800520420074463, 0.4331143796443939, 0.48544955253601074, 0.8155357837677002, 0.5114660263061523, 0.7307376861572266, 0.37103503942489624, 0.3911244869232178, 0.6626584529876709, 0.2574746906757355, 0.6072956323623657, 0.6528352499008179, 0.7358545064926147, 0.7344777584075928, 0.3693796694278717, 0.6502129435539246, 0.750460147857666, 0.7083713412284851, 0.7213798761367798, 0.5155180096626282, 0.7536454796791077, 0.7050160765647888, 0.7495156526565552, 0.78386390209198, 0.2910131514072418, 0.6342540383338928, 0.607379674911499, 0.36510196328163147, 0.3935968279838562, -0.020090334117412567, 0.5055537819862366, 0.1243726834654808, 0.533517599105835, 0.47177526354789734, 0.6350014209747314, 0.3986242711544037, 0.6063923239707947, 0.4243347942829132, 0.5684405565261841, 0.7608529925346375, 0.34064939618110657, 0.7379332184791565, 0.7342982292175293, 0.7938532829284668, 0.6980229020118713, 0.7146140336990356, 0.5433384776115417, 0.6113476157188416, 0.393185019493103, 0.5435615181922913], "NSS": [0.16273771226406097, 0.12639547884464264, 0.08457396924495697, 0.10994438081979752, 0.1147589161992073, 0.2688440680503845, 0.2833751142024994, 0.1364867091178894, 0.12779924273490906, 0.06928984075784683, 0.1489165723323822, 0.07009515911340714, 0.12708328664302826, 0.31071335077285767, 0.056283481419086456, 0.30381712317466736, 0.08930756151676178, 0.2803821861743927, 0.16141743957996368, 0.5255987644195557, 0.4268537163734436, 0.24213820695877075, -0.05986669287085533, 0.18328195810317993, 0.27887773513793945, -0.18202701210975647, 0.3076503574848175, 0.1392965316772461, 0.13733111321926117, 0.06594114750623703, 0.11817080527544022, 0.26670798659324646, 0.2746914029121399, 0.463127076625824, 0.3211633563041687, 0.25297021865844727, 0.23224304616451263, 0.4374198615550995, 0.22121641039848328, 0.2858446538448334, 0.2651340365409851, 0.2719155251979828, 0.23822051286697388, 0.19925211369991302, 0.3860577344894409, 0.2717633843421936, 0.11189549416303635, 0.17828409373760223, 0.15413585305213928, 0.15861976146697998, 0.19819389283657074, 0.15269899368286133, 0.17269358038902283, 0.5157659649848938, 0.10269745439291, 0.20470380783081055, 0.14034245908260345, 0.33527448773384094, 0.32424482703208923, 0.16243460774421692, 0.2701936364173889, 0.12101415544748306, 0.18440310657024384, 0.23152391612529755, 0.1811550110578537, 0.244183748960495, 0.20636862516403198, 0.1278078854084015, 0.22007904946804047, -0.09295684099197388, 0.12411610782146454, 0.11957006901502609, 0.12931998074054718, 0.17759425938129425, 0.40685638785362244, 0.34931597113609314, 0.12973780930042267, 0.10843800008296967, 0.17439229786396027, 0.2155698537826538, 0.1331733614206314, 0.21232293546199799, 0.21366095542907715, 0.15058141946792603, 0.13090331852436066, 0.3529989421367645, 0.13142625987529755, 0.20499137043952942, 0.146480530500412, 0.22106203436851501]},