{"pure": {"AUC": [0.8258290255837939, 0.712091308071472, 0.6949594234358929, 0.8482837879960241, 0.5465044981800323, 0.5221491526601891, 0.6447888977985544, 0.6259416328914766, 0.6443689511432714, 0.7523098166511987, 0.6076924542414933, 0.7659642125469278, 0.7668309191435723, 0.8338576030497232, 0.7964364192340142, 0.6657406264442877, 0.7810761628356631, 0.7708081404754813, 0.7446143439916563, 0.6367135091615744, 0.5492379707182343, 0.8488029510207153, 0.7214995841030725, 0.8082550877225642, 0.6899642322171943, 0.6917450494154627, 0.7344906438174934, 0.6376425858584932, 0.7247188015868369, 0.7734976607291602, 0.7892077655689631, 0.6971440624707946, 0.7832501368287259, 0.7175564746757632, 0.6791865138043127, 0.7787231674493976, 0.7612089202347438, 0.787836892243353, 0.8047245724386689, 0.6729507432622602, 0.8207926102212604, 0.5516910017795975, 0.5977650972691032, 0.6984864006987763, 0.7996614513294367], "sAUC": [0.6622709717445803, 0.6072691852168624, 0.596742255467034, 0.6737157782628963, 0.5245398690710598, 0.5120018706697779, 0.5692927302828867, 0.5636536104365225, 0.5714518949819503, 0.6255620619360813, 0.5554940518181235, 0.6313012023086282, 0.6345495160713335, 0.6670552049443862, 0.6479884283507736, 0.5835628718133667, 0.6403181981715677, 0.6356918944016967, 0.6199293714146341, 0.5677754328065895, 0.523785341533719, 0.6752736799587219, 0.6119465044589877, 0.6535930191878785, 0.5949699136486711, 0.5962445469999654, 0.6178656531214014, 0.5687204740294601, 0.6127312227201073, 0.6372351663452233, 0.6455809658439728, 0.5983870033484389, 0.6421238614557773, 0.6085283939360662, 0.5902985375138372, 0.638051127174205, 0.6288316141988592, 0.644768410405763, 0.6525238930716253, 0.585085118172359, 0.6604193309554457, 0.5241503707143661, 0.5491346288274688, 0.5962409586448165, 0.6489571293228663], "CC": [0.6183559894561768, 0.3843036890029907, 0.5077401399612427, 0.7040241956710815, 0.08146283030509949, 0.08254753053188324, 0.26432594656944275, 0.255142480134964, 0.34291163086891174, 0.43427154421806335, 0.30200472474098206, 0.6793193221092224, 0.5638135671615601, 0.7524680495262146, 0.7647340893745422, 0.4683215916156769, 0.7553273439407349, 0.637061595916748, 0.3449765741825104, 0.0965157300233841, 0.1494317203760147, 0.7265123724937439, 0.39176854491233826, 0.6597234010696411, 0.6130937337875366, 0.43420737981796265, 0.7591938972473145, 0.33936506509780884, 0.5549173355102539, 0.5997050404548645, 0.6794814467430115, 0.32327091693878174, 0.45439013838768005, 0.3589300811290741, 0.5837546586990356, 0.6549597382545471, 0.5451109409332275, 0.5843179821968079, 0.7400053143501282, 0.3158833086490631, 0.7348555326461792, 0.13103170692920685, 0.29160943627357483, 0.4412109851837158, 0.769436776638031], "NSS": [0.2565782964229584, 0.14746367931365967, 0.1501934975385666, 0.28969311714172363, 0.09161970764398575, 0.14374178647994995, 0.07679543644189835, -0.018818996846675873, 0.13021300733089447, 0.2524969279766083, 0.26616552472114563, 0.3103552758693695, 0.19213294982910156, 0.1316153109073639, 0.39541375637054443, 0.21051427721977234, 0.10956231504678726, 0.19045141339302063, 0.15742549300193787, 0.12866567075252533, 0.2774728834629059, 0.1994345784187317, 0.309273898601532, 0.32530125975608826, 0.03906833752989769, 0.23866310715675354, 0.3346105217933655, 0.16149719059467316, 0.1480354517698288, 0.12588737905025482, 0.19420883059501648, 0.07421287149190903, 0.22643424570560455, 0.19070370495319366, 0.14601851999759674, 0.24456994235515594, 0.13799934089183807, 0.20745912194252014, 0.07571199536323547, -0.013486873358488083, 0.23459027707576752, 0.12540672719478607, 0.06811504811048508, 0.0640183612704277, 0.2565351128578186]}, "nonsal": {"AUC": [0.6799829080778128, 0.6904907862301045, 0.6554238504522218, 0.7033740990048436, 0.4119014272742705, 0.6439030670159236, 0.6113733147891677, 0.4278463774395587, 0.6525557385747216, 0.6973954105414808, 0.5987436514437797, 0.6214479543518691, 0.8016408147837997, 0.6462474743140373, 0.7120755705236904, 0.6789135429243178, 0.7279383931183983, 0.6950714279852748, 0.6980417877670528, 0.7122916454362218, 0.49390878707557334, 0.7256956548642511, 0.6151518057620153, 0.7970655700247835, 0.5881344828655628, 0.5657936890450885, 0.6318973056744412, 0.565047410796528, 0.6607136366086537, 0.6569964682196694, 0.6318497987571834, 0.5195018634316156, 0.5927036461688072, 0.6642895253393056, 0.707885633268728, 0.6142675686993055, 0.5617472206081082, 0.8066435777313036, 0.5848167517677592, 0.5442894848319603, 0.6934633383051976, 0.5372353039137683, 0.5649272380711716, 0.6425149876031344, 0.6720884345017885], "sAUC": [0.5899816238790833, 0.5943250639375968, 0.5782041745801151, 0.6009357218219259, 0.4562136103868263, 0.571038732771065, 0.555110331592736, 0.4620062054618521, 0.5743926309889139, 0.5998141176757713, 0.5497449710886211, 0.5596980258870115, 0.6506415530936301, 0.5725288695704248, 0.6057189973131516, 0.5894150665060811, 0.6125999154979402, 0.5997239017804888, 0.5986017592857722, 0.6059566959383413, 0.49465959944596427, 0.6118175344602724, 0.5613805117853232, 0.6478253789776965, 0.5436656828417845, 0.5339725895411706, 0.5686388407445594, 0.5334954231601372, 0.5801933619413995, 0.5788838774719772, 0.5655455250154985, 0.5094119053608446, 0.5448093558934214, 0.5813670046262845, 0.6025448004167556, 0.5553399223986506, 0.5316041524020194, 0.6530434417759636, 0.5436726929801988, 0.5221892574763443, 0.5948254081801433, 0.52019940625848, 0.533442944492713, 0.5726169488095917, 0.5853374743540788], "CC": [0.1413586288690567, 0.410070538520813, 0.2553083300590515, 0.20958763360977173, -0.1847222000360489, 0.47308775782585144, 0.16933582723140717, -0.23732300102710724, 0.14349335432052612, 0.2424412965774536, 0.2969324588775635, 0.14570437371730804, 0.43771547079086304, 0.011679437942802906, 0.4936092495918274, 0.3234575390815735, 0.38564541935920715, 0.43098604679107666, 0.1375216394662857, 0.4796559810638428, 0.01742503233253956, 0.39687082171440125, 0.40890994668006897, 0.7187141180038452, 0.03880525007843971, 0.10127654671669006, 0.20093980431556702, 0.16216212511062622, 0.33009740710258484, 0.3718939423561096, 0.09860891103744507, 0.00824368093162775, -0.016268130391836166, 0.6318866610527039, 0.3620736300945282, 0.33239614963531494, 0.02093346416950226, 0.39823687076568604, 0.027176478877663612, 0.016391118988394737, 0.46386227011680603, -0.06580589711666107, 0.19666332006454468, 0.35364386439323425, 0.25634709000587463], "NSS": [0.32407593727111816, 0.2378668487071991, 0.30733728408813477, 0.3899874687194824, 0.036393895745277405, 0.1595941185951233, 0.1553773283958435, -0.10129458457231522, 0.3079109489917755, 0.2878868579864502, 0.35517418384552, 0.3861963152885437, 0.7654941082000732, 0.26626279950141907, 0.18180853128433228, 0.4126499891281128, 0.2979840040206909, 0.2612335681915283, 0.3428572714328766, 0.2187003791332245, 0.1749715358018875, 0.272503137588501, 0.1305464208126068, 0.599229633808136, 0.15755848586559296, 0.10022604465484619, 0.478859007358551, 0.08705741912126541, 0.26694411039352417, 0.3321616053581238, 0.31090763211250305, 0.04793468490242958, 0.36397138237953186, 0.26106661558151245, 0.44272419810295105, 0.3600369393825531, 0.17278802394866943, 0.5772427916526794, 0.30919793248176575, 0.03979625925421715, 0.32523205876350403, 0.15705980360507965, 0.28129783272743225, 0.22841154038906097, 0.3634231388568878]},