{"pure": {"AUC": [0.7732700241625834, 0.7260860370875222, 0.6916619625351269, 0.8201656163110963, 0.542570917863959, 0.5416879968672165, 0.6558994880013818, 0.7027294579797357, 0.6415797143511944, 0.7419869563418532, 0.5971115036838436, 0.7145586817147005, 0.7663012480862157, 0.8362084292379, 0.8676915011107021, 0.765957873621334, 0.7891761474418963, 0.6827674678071898, 0.6997282579519621, 0.6413536995831339, 0.6081208024517966, 0.828705640947363, 0.6679145384953327, 0.7899605586364712, 0.6287109929151019, 0.6835435190933418, 0.7600658901896908, 0.7160455073272755, 0.6957388858064962, 0.6790005974258463, 0.6982896085080195, 0.6888393986045619, 0.7303296604142786, 0.7408302454305651, 0.6982997950942491, 0.7445868868530561, 0.7164459109823279, 0.7959481843079323, 0.7566947286108143, 0.7222055204546598, 0.8262073250323452, 0.4858136793815295, 0.5824670477848586, 0.7608776315670203, 0.7592397494788827], "sAUC": [0.6361977107659053, 0.6129000637733159, 0.5963257985031232, 0.6606558401473904, 0.5217029981930846, 0.520106086096567, 0.5771433153555389, 0.5999444970940809, 0.568867080765472, 0.6194205980742666, 0.5473174315900926, 0.6072407339342517, 0.6324102003371211, 0.6684259001024734, 0.6839033183721096, 0.6344193083311136, 0.6444921734463089, 0.5907801813113082, 0.5996890926931071, 0.5690229048968672, 0.5579615692268471, 0.6628431019460654, 0.585042417402185, 0.644557532812604, 0.5629602272759432, 0.5911449567553408, 0.6301638586198242, 0.6069964305211485, 0.5995238193373947, 0.5910281423884944, 0.6000096930789346, 0.594241948328123, 0.6151464996272832, 0.6208978304004488, 0.599100437217326, 0.6222369313818497, 0.6064647902728516, 0.6485088833735341, 0.628588288724041, 0.6119540021253155, 0.6631273520663742, 0.49313042875442054, 0.5405491173674007, 0.6292882933105164, 0.6306665863948102], "CC": [0.40721815824508667, 0.3331999182701111, 0.47759050130844116, 0.6835253238677979, 0.029854800552129745, 0.09158453345298767, 0.2758391201496124, 0.48628097772598267, 0.26437506079673767, 0.5236462950706482, 0.3943732976913452, 0.5551764965057373, 0.6282150745391846, 0.5456878542900085, 0.8308817148208618, 0.6243425607681274, 0.7256729006767273, 0.47694674134254456, 0.26598885655403137, 0.17268982529640198, 0.12234332412481308, 0.6443896293640137, 0.3520366847515106, 0.7748425602912903, 0.5088820457458496, 0.3194732666015625, 0.690002977848053, 0.34678715467453003, 0.45733872056007385, 0.3190368413925171, 0.42699718475341797, 0.30664145946502686, 0.49851733446121216, 0.2523097097873688, 0.5964728593826294, 0.4607532322406769, 0.4633637070655823, 0.47769564390182495, 0.6029207110404968, 0.3926205635070801, 0.6911079287528992, 0.05279763415455818, 0.1579558104276657, 0.5824165344238281, 0.6512827277183533], "NSS": [0.1763584017753601, 0.12723450362682343, 0.1397324502468109, 0.26835814118385315, 0.08065197616815567, 0.148942232131958, 0.07130254060029984, 0.09142164140939713, 0.11363301426172256, 0.2659476697444916, 0.16977810859680176, 0.212903693318367, 0.2450743317604065, 0.0966579020023346, 0.39212319254875183, 0.272516667842865, 0.161527618765831, 0.15759344398975372, 0.10963357239961624, 0.27612102031707764, 0.20808924734592438, 0.1632729321718216, 0.24180229008197784, 0.2483549267053604, 0.022990209981799126, 0.20373699069023132, 0.3022737205028534, 0.12382878363132477, 0.08542334288358688, 0.10068169236183167, 0.12017203867435455, 0.07872810959815979, 0.17130057513713837, 0.13757579028606415, 0.15315887331962585, 0.19484835863113403, 0.11521054804325104, 0.15062138438224792, 0.047951456159353256, 0.04006674885749817, 0.18525148928165436, 0.11302325129508972, 0.059677429497241974, 0.06913831830024719, 0.2059015929698944]}, "nonsal": {"AUC": [0.6488365623995447, 0.672082803873413, 0.568615645009302, 0.7145615864145237, 0.42283224833344724, 0.6270242901264548, 0.6447580292846543, 0.43839683323348616, 0.5779826571940369, 0.6857287839622378, 0.6119066190569187, 0.6185273669873254, 0.7578980216155341, 0.5931049337826119, 0.821734154999846, 0.719220251217733, 0.7785036826838608, 0.607561583292827, 0.7020259072836398, 0.6663911611544552, 0.49473087354811823, 0.6514580731383491, 0.6083619686124971, 0.7663904618087584, 0.5225752845461218, 0.5960158939252559, 0.6407302337603088, 0.5775275940295752, 0.6629241197356622, 0.6493692408788742, 0.6228324029190471, 0.5846799716544665, 0.6269312362235084, 0.6641934675584866, 0.7125375770103007, 0.5973319015794936, 0.6584976248753655, 0.7598991293910844, 0.5525263347538306, 0.5973293612174181, 0.6594532366380064, 0.6497244173445249, 0.6187203247114307, 0.739995308947783, 0.6771052481815671], "sAUC": [0.5759223780948908, 0.5878409879254274, 0.5359034088329534, 0.6073771805660992, 0.4637966572765545, 0.5644418310908651, 0.5735495363622907, 0.4690815150813451, 0.5371847874087546, 0.5929961225333099, 0.5558792769583397, 0.5587839513739266, 0.628739785346509, 0.547041804734909, 0.6626452078581706, 0.6084566867910178, 0.6384173686829967, 0.5557130613040024, 0.6018082391933809, 0.5823724268656224, 0.4969311371969052, 0.5763874657911549, 0.5528186598661649, 0.6330087959245299, 0.5100662752238905, 0.5472679833597135, 0.5699494263002179, 0.5388035459446132, 0.5815650724793078, 0.5743309324823626, 0.5611892301852657, 0.5452343465719668, 0.561788459014338, 0.5806334741369069, 0.6059714166918225, 0.5481540754933496, 0.580383311910757, 0.6294737306489305, 0.5266341129125215, 0.5459039019582482, 0.5772371876160501, 0.5732596261882974, 0.5582572716110791, 0.6190741430691191, 0.5873050563197069], "CC": [0.04236725717782974, 0.37595683336257935, 0.06311283260583878, 0.1644001603126526, -0.17963221669197083, 0.399996280670166, 0.1808176040649414, -0.17438307404518127, 0.010709673166275024, 0.18809613585472107, 0.39648130536079407, 0.26295262575149536, 0.5364106297492981, -0.025175556540489197, 0.6405513882637024, 0.36077553033828735, 0.5001270174980164, 0.21389730274677277, 0.12185000628232956, 0.350172758102417, -0.06439555436372757, 0.14870814979076385, 0.2856140434741974, 0.7304578423500061, 0.011063105426728725, 0.06781411170959473, 0.11118530482053757, 0.01915660686790943, 0.2043428122997284, 0.251003623008728, 0.008198069408535957, 0.0635310709476471, 0.02660532295703888, 0.7334758639335632, 0.4612485468387604, 0.17044256627559662, 0.1927628368139267, 0.32571515440940857, 0.008095776662230492, 0.05544157326221466, 0.3213963806629181, 0.2213890701532364, 0.22201278805732727, 0.4855286478996277, 0.2517189085483551], "NSS": [0.2985733449459076, 0.2590639293193817, 0.33570849895477295, 0.36300739645957947, 0.057496145367622375, 0.17074787616729736, 0.16452012956142426, 0.0029341967310756445, 0.2818368077278137, 0.32859957218170166, 0.2567996680736542, 0.3215261697769165, 0.649945855140686, 0.2067071795463562, 0.1621886044740677, 0.48318496346473694, 0.41800591349601746, 0.27537792921066284, 0.2706901431083679, 0.23857906460762024, 0.11850990355014801, 0.2088075429201126, 0.09917213767766953, 0.44884929060935974, 0.0861598327755928, 0.10675151646137238, 0.4101797044277191, 0.09050242602825165, 0.1552768349647522, 0.2600833773612976, 0.12056313455104828, 0.05547286942601204, 0.28057289123535156, 0.20905578136444092, 0.5897690057754517, 0.19052983820438385, 0.2106964886188507, 0.4343710243701935, 0.17161597311496735, 0.15934209525585175, 0.2706310749053955, 0.23761285841464996, 0.2160508930683136, 0.2260039746761322, 0.36419403553009033]},